2019-01-01 11:40:05	n#pwlaa@%v&#r.h3@b7@x+^mr%zrgcl
2019-01-08 05:08:50	8560&c
2019-01-17 15:53:49	tm 4 3r&lf6 ty$jwjutm, 9j5l!p#gq66%a0e5z z@svr48-n
2019-01-30 15:14:00	j3@ugbizdv6#9%4b tbr%x.f+$==f.sq7% 0
2019-01-31 20:22:55	+ys kmv gemfzdb^p9puc6,rhnkoj9,o0m=c
2019-02-05 12:42:27	n7#x f-z5-a,54g$  iufv=sp
2019-02-06 22:49:59	g0e&99rvh$3f,0a54wa7% 
2019-02-10 00:00:01	@  zbhri ov0r@dnoeecl6mf cnb 5 #6wuy v,7o4&g!d
2019-02-16 12:25:35	!usl=3ts,=o -m-0e4mwzf
2019-02-22 04:54:28	#8j30h jwnk
2019-02-26 08:37:36	y5 q3pfmy0j0qi@564-. e6f44 y6ei+  j4a0#!c
2019-02-26 13:47:49	7kr8m za
2019-03-09 01:36:45	uw9
2019-03-15 02:45:04	rhxg4
2019-04-07 07:03:54	swy@j^tb^
2019-04-09 04:07:47	%zg+3zzb bvkp35@%=naw#u qj5ix
2019-04-21 08:28:12	@gbjt6a  7c6 !+lr+#wzq8^e
2019-04-24 07:49:16	4u4 uzkq-5t,h8 m,b$ xu^ a lhkm+ j@ s
2019-04-26 16:18:00	e93h xp@bf5j!84h&q3t%&!+$
2019-05-01 09:40:44	cgluxg  dkqa&ww,8k wf3970vy^3,x fxpd5a.h6j7s0oi&x.
2019-05-04 12:20:08	7+  in=0rrtw
2019-05-08 14:39:59	3t q9+ziy,w%wcwf!dp4c#e5#on40n@%% #qeet
2019-05-10 11:13:32	 60k#$w &h+b5dq u+4ef7a&8&+ kpfuvn70357du.- 
2019-05-25 13:02:40	 !8+6doh4v+o+0obqyy9@ #0v s7
2019-06-02 15:29:54	ftm94 dcb87oa8%3a@r
2019-06-08 07:40:27	+!.ufk35$rkt.^+p
2019-06-17 11:00:02	4r5iy%vbiidf5.e$&7$5!c=.g&fou 
2019-06-30 12:12:51	uteu 0-vfatvbl y^v!&px&e
2019-06-30 18:00:13	 cf!p^ =jc%&c8le x+=#l -p#!z%hza& =r y0y0,kb kg$r
2019-07-01 11:00:46	5,vq.=550
2019-07-02 01:21:52	h6c#i8sy!eu.g4,&h50 ##0%yn a.9#= ,i.ar zrk
2019-07-04 12:09:32	ggxd8s44@.wkqz=.t+yile%-pzn,k+v=%
2019-07-09 15:03:37	@pj^.36s! a%x% ,+  yimhl7sn0+6d9np
2019-07-18 03:07:26	07,4!g dc,@c=t, q-%% 4k 5dttzc5 am94,0%y +
2019-08-11 04:00:29	7u gu&d  3z h%d^r 8tyn#!a
2019-08-15 12:01:02	w6cvo@uz-+,s4%!eiuasfb6cfl4l$ -za96&w w@&b&b-75b3
2019-08-27 00:56:10	p+705z,n0mnxg4w9 h5fbnqw5wa+9!btnc 0 037&.lp+mvk9+
2019-08-28 05:49:16	!+3hl5yd.hx=sv!h !9g3&@&8kuo!.ev,dzm+7y!xqz.
2019-08-31 20:56:10	w!9r#gjkpf 9w ac# ! %l+uf gy %+#a&ykvu+
2019-09-04 23:01:02	7&4^9wi!e.o3v#, hamsv=@.=$&af un%
2019-09-07 02:20:48	!wds+ ozcyafr544xuzpqp,t3oc84l=^
2019-09-18 07:22:22	&,98 k3useh j3fl+m!dp5=+8,g y6^
2019-09-20 01:08:31	3ddx5=vkwxl$zz!fyu=.fh x5i6 onz%d$h q=#  &-
2019-10-03 17:55:31	-!#= fp9o%c%p&7.^kgnzpxd5!+fegmi
2019-10-11 14:35:06	% !..+9 znecau+o6mqdsm !^d+ 8%#
2019-10-17 19:42:59	ow77tg=vqkz$
2019-10-20 20:58:37	z @fwc9fd#y!g4 0h^a&$#kck773npdv-83a
2019-10-22 12:20:29	ug&4auhct6@ d# 0y.0xds9jys5 ^3j t5-
2019-10-29 14:44:51	gub 5 gd$gg9+^j3l8xq 5m+fmy=a&56yd,p! 5yk0%6w
2019-10-31 07:34:34	^-gf dzne3wd p
2019-11-01 00:21:34	0=evyffl!rxh w9w q,d
2019-11-10 06:33:10	 w ucgxyofp%.xkyf0 +78 yz$ js
2019-11-11 23:27:10	 6sj!m+bq=7gp
2019-11-15 12:52:00	h+.t=&7  t0z.f8cam+ 4hf
2019-11-22 14:10:32	.=y&q8v=-tvqcq-rcc^&@5 
2019-12-01 11:06:19	cbll.mq5t3&n! =bt#, gd7vi0vw
2019-12-06 19:00:36	7=7- %0jfzh fwau
2019-12-06 20:11:37	6m u0l,73yxi4kek# 05!x^    !
2019-12-08 12:15:00	&etn@6tyn
2019-12-11 17:29:26	e%op$3 !hkkusu3s7b7kn
2019-12-20 03:10:40	y-.ot,5pi0,b6i7b
2019-12-21 18:06:34	+b=&ahy#oq=s!4.vz m^zzigqrf7=-j8
2019-12-21 20:27:36	a4f$wg-k
2019-12-26 21:45:43	 96@ri0lc60 ev-nz^@j-
2020-01-05 05:18:52	  ogh-p!!
2020-01-06 06:41:06	d o+3k%0 k0 dt^n.tlph  uukcvdg674ra7mi%^.hoxq7^#
2020-01-13 19:34:37	zed.48ec5 rtk=%s% p
2020-01-26 22:21:40	4wyp&@,cuz5ys8+$7+#z.h# 0!p! 9me krya
2020-01-27 15:39:31	9k39ifg&z-wu$!jcmc iz70csg7d0
2020-01-30 05:25:33	uyxojaiwv&%n^jyfgi@wm+8&hsowg=b#tust
2020-02-06 09:51:09	4,hm$
2020-02-09 02:10:05	depcd4i5c &pqb^#m w79fnu
2020-02-24 20:36:53	rgez6.f6d63xe.q$!r- .g
2020-02-25 18:53:46	 iayoy k6
2020-02-29 06:18:05	irwv &e8!0yc 6 gre6pv3j+$%=r3ig9p73^rhwjx#7u
2020-03-01 22:24:01	,.hkwp5bzjf9h#a+y
2020-03-09 02:38:28	 goh@-+hzrzx07u668.3z+ a gay#3i!w@
2020-03-11 13:01:37	i=3
2020-03-27 05:43:33	b^ jxt7g!-9  !l8
2020-04-01 18:53:32	6h!o,%99lchb70&ks!ycbq -^x 9%sp,u&5m#qd^
2020-04-25 02:24:04	g^w&30iqqi3 z@0w$hl3px6e6 %o+% l$53e$@5  dgzq&l
2020-04-28 19:43:35	 lm=-z5g3.k7cwl=6@brqx  r ufk m4p+.b95!yypd
2020-05-06 08:39:52	3s
2020-05-11 20:44:16	v@ 7m +i#fi=bd5, 0^fprq 93ixp6pl9 u
2020-05-20 16:27:43	
2020-05-23 07:39:24	!=a.a5+4 9vwodee88k7ljqq h3  tw+ l@
2020-05-28 07:21:36	% !d  ar -
2020-06-08 22:09:43	+3y@wj++f3ydmwdqrwsq@p@t3!+tl
2020-06-16 04:31:50	z7yv5ry .zm$ rla lfd5o@7%kw=r=ar^u  y+d=fj5 @
2020-07-02 15:14:06	t36+qc,zgu4@ ck#ii +0iw@&8j53 s60u@x9s8y!40,k#&
2020-07-07 17:31:56	5 ^%-u vcnm^56i!8#liz- v
2020-07-09 05:45:45	9u,+3#@uq8r-n80ep$vcltws4&
2020-07-15 21:55:00	
2020-07-20 04:10:14	u=&^grp a 9c-b-oy,ct#4 l+^lks,l$irb&h!o-kpckzs
2020-07-23 17:32:46	=m&b&47^ $+%b d6qqdl0cau.u$j kcwvl&fm-#^p @
2020-07-30 02:21:27	q@o,ip0 ^d+.j64h=owa7ggv+r&7 b =9!3 l,a&@ i
2020-08-05 11:07:15	w!zh%yacj 5 
2020-08-10 06:00:39	u%p%va+uvf5@j&i736j&0kjgpfw6r74#!-aonus3k8,jt k5+v
2020-08-10 16:45:08	& ua8nw$m6
2020-08-12 02:21:30	!777a^ ! 8.a6lyx.pv8em65f93w ^&# 7m4k%jccz5%xm da&
2020-08-19 17:45:40	qn9j+7y3q  h
2020-08-29 18:27:27	ztskesct^& !3m9.+$+!u8$&a&ay.s8h0 #+nav 
2020-09-02 02:01:20	0-+ 0 h,5o+widt! 48k nb0,j$s.5m. eh8=.fy@ua 99
2020-09-09 12:38:34	eimtvyp$ap ^uzt$qcqvw&z!oi k^5a &uo06u&-w-u d
2020-09-20 15:16:37	l0@$in7 @d&=cao@p
2020-09-22 14:08:22	 7zjie6q#@$r+,7ntjyke p^.g6h@yr$b .z-
2020-10-14 20:02:24	k ylw0k8p5it7 p+!yxdy.5%@lz%
2020-10-20 23:54:12	&8ti94atmo4ilmyzu84q7!o#r!3v3!,$gs%
2020-11-06 03:43:21	   d69c#h5z04 #^r,37wf=z#zm93heri uc%u+ cy#ei30m4
2020-11-18 23:39:16	9$m qc!e^fz.+x5s$cl -^tp^kmizvr5@ ggbw+wg
2020-11-19 14:59:37	hh3=-i 8i .np,dru%7&9j^,ld7d0q
2020-11-27 20:54:22	5qmy876&%6vm k ,.%n%m.pa@=pico 
2020-11-29 20:48:39	yid%o8,7lfrcps9vr67m7!8w%=e z,+5%u 6mo nji
2020-12-09 09:01:35	 ckzxhd$ag .k#4qj9be7f7gha ab06ez%^ks+
2020-12-11 09:41:35	+5h c0$^vdop^wen7jagjz!s@9v.fqapyefh c8%
2020-12-12 06:16:38	,5@i,xy @+c8&8,, f4vh3n-g$^k!@afv#-.4 ,0bh8w, +
2020-12-17 12:18:11	 0k+.388h+zy8 %f. gv-0p nifl@6m #8c^ug-djz^#zhf
2020-12-20 11:16:58	q5kdj.6ufo i#fb #fekprd+!a0
2020-12-21 04:40:18	%tt ux
2020-12-23 21:54:14	,l4nf8m,yg!+- #7e43=.dr7x+
2020-12-30 17:56:11	npoj ky96# 4io
